{"cameraMode":{"drawMode":0,"name":"Shaded","section":"Shading Mode"},"sceneLighting":false,"audioPlay":false,"sceneViewState":{"showFog":true,"showMaterialUpdate":true,"showSkybox":false,"showFlares":true,"showImageEffects":true,"showParticleSystems":true},"in2DMode":false,"pivot":{"x":677.8392333984375,"y":286.6997375488281,"z":21.251953125},"rotation":{"x":-0.18302816152572633,"y":0.22830107808113099,"z":-0.043741289526224139,"w":-0.955237627029419},"size":1488.8568115234375,"orthographic":false}