{"cameraMode":{"drawMode":0,"name":"Shaded","section":"Shading Mode"},"sceneLighting":true,"audioPlay":false,"sceneViewState":{"showFog":true,"showMaterialUpdate":true,"showSkybox":true,"showFlares":true,"showImageEffects":true,"showParticleSystems":true},"in2DMode":false,"pivot":{"x":0.0,"y":1.7799999713897706,"z":-28.670000076293947},"rotation":{"x":-0.18548215925693513,"y":0.5521856546401978,"z":-0.12470177561044693,"w":-0.8036903142929077},"size":6.528943061828613,"orthographic":false}