{"cameraMode":{"drawMode":0,"name":"Shaded","section":"Shading Mode"},"sceneLighting":false,"audioPlay":false,"sceneViewState":{"showFog":true,"showMaterialUpdate":true,"showSkybox":false,"showFlares":true,"showImageEffects":true,"showParticleSystems":true},"in2DMode":false,"pivot":{"x":0.9655967354774475,"y":7.793580532073975,"z":-29.721961975097658},"rotation":{"x":-0.029202450066804887,"y":-0.9694823026657105,"z":0.177020862698555,"w":-0.16947950422763825},"size":6.432496070861816,"orthographic":false}