{"cameraMode":{"drawMode":0,"name":"Shaded","section":"Shading Mode"},"sceneLighting":false,"audioPlay":false,"sceneViewState":{"showFog":true,"showMaterialUpdate":true,"showSkybox":false,"showFlares":true,"showImageEffects":true,"showParticleSystems":true},"in2DMode":false,"pivot":{"x":-1.3098005056381226,"y":-1.3301867246627808,"z":-28.023265838623048},"rotation":{"x":-0.17433778941631318,"y":-0.2277684062719345,"z":0.04219695180654526,"w":-0.9572554230690002},"size":12.953914642333985,"orthographic":false}