{"cameraMode":{"drawMode":0,"name":"Shaded","section":"Shading Mode"},"sceneLighting":true,"audioPlay":false,"sceneViewState":{"showFog":true,"showMaterialUpdate":true,"showSkybox":true,"showFlares":true,"showImageEffects":true,"showParticleSystems":true},"in2DMode":false,"pivot":{"x":7.6335039138793949,"y":0.8792976140975952,"z":-18.46070098876953},"rotation":{"x":-0.17418038845062257,"y":0.6042487025260925,"z":-0.13531865179538728,"w":-0.7661296725273132},"size":19.914093017578126,"orthographic":false}