{"cameraMode":{"drawMode":0,"name":"Shaded","section":"Shading Mode"},"sceneLighting":true,"audioPlay":false,"sceneViewState":{"showFog":true,"showMaterialUpdate":true,"showSkybox":false,"showFlares":true,"showImageEffects":true,"showParticleSystems":true},"in2DMode":false,"pivot":{"x":0.17453372478485108,"y":1.3994529247283936,"z":-0.05768871307373047},"rotation":{"x":-0.06841187924146652,"y":-0.9153914451599121,"z":0.18011413514614106,"w":-0.3544366955757141},"size":4.640057563781738,"orthographic":false}