{"cameraMode":{"drawMode":0,"name":"Shaded","section":"Shading Mode"},"sceneLighting":false,"audioPlay":false,"sceneViewState":{"showFog":true,"showMaterialUpdate":true,"showSkybox":false,"showFlares":true,"showImageEffects":true,"showParticleSystems":true},"in2DMode":false,"pivot":{"x":0.11381480097770691,"y":1.768533706665039,"z":3.080467700958252},"rotation":{"x":-0.07806752622127533,"y":0.7795466184616089,"z":-0.09701812267303467,"w":-0.614283561706543},"size":2.750075578689575,"orthographic":false}