{"cameraMode":{"drawMode":0,"name":"Shaded","section":"Shading Mode"},"sceneLighting":false,"audioPlay":false,"sceneViewState":{"showFog":true,"showMaterialUpdate":true,"showSkybox":false,"showFlares":true,"showImageEffects":true,"showParticleSystems":true},"in2DMode":false,"pivot":{"x":1.1947555541992188,"y":5.059999465942383,"z":1.309999942779541},"rotation":{"x":0.02068312279880047,"y":-0.04289964586496353,"z":-0.0006203509401530027,"w":-0.99899822473526},"size":46.809974670410159,"orthographic":false}