{"cameraMode":{"drawMode":0,"name":"Shaded","section":"Shading Mode"},"sceneLighting":false,"audioPlay":false,"sceneViewState":{"showFog":true,"showMaterialUpdate":true,"showSkybox":false,"showFlares":true,"showImageEffects":true,"showParticleSystems":true},"in2DMode":false,"pivot":{"x":0.9080832004547119,"y":1.032397747039795,"z":-24.05480194091797},"rotation":{"x":0.053513772785663608,"y":-0.19145351648330689,"z":0.009280124679207802,"w":0.9803202748298645},"size":6.170145511627197,"orthographic":false}