{"cameraMode":{"drawMode":0,"name":"Shaded","section":"Shading Mode"},"sceneLighting":true,"audioPlay":false,"sceneViewState":{"showFog":true,"showMaterialUpdate":true,"showSkybox":false,"showFlares":true,"showImageEffects":true,"showParticleSystems":true},"in2DMode":false,"pivot":{"x":0.006165623664855957,"y":0.7784367799758911,"z":-0.20081830024719239},"rotation":{"x":0.006483285687863827,"y":-0.9949050545692444,"z":-0.06535480171442032,"w":-0.08086986094713211},"size":4.640057563781738,"orthographic":false}