{"cameraMode":{"drawMode":0,"name":"Shaded","section":"Shading Mode"},"sceneLighting":true,"audioPlay":false,"sceneViewState":{"showFog":true,"showMaterialUpdate":true,"showSkybox":true,"showFlares":true,"showImageEffects":true,"showParticleSystems":true},"in2DMode":false,"pivot":{"x":3.6318359375,"y":-1.8753442764282227,"z":-14.02025032043457},"rotation":{"x":-0.18407252430915833,"y":0.21669824421405793,"z":-0.039506152272224429,"w":-0.9583243727684021},"size":49.07169723510742,"orthographic":false}