{"cameraMode":{"drawMode":0,"name":"Shaded","section":"Shading Mode"},"sceneLighting":false,"audioPlay":false,"sceneViewState":{"showFog":true,"showMaterialUpdate":true,"showSkybox":false,"showFlares":true,"showImageEffects":true,"showParticleSystems":true},"in2DMode":false,"pivot":{"x":-0.03740239143371582,"y":1.33306884765625,"z":-10.813943862915039},"rotation":{"x":-0.012320181354880333,"y":-0.3564659059047699,"z":-0.004715265240520239,"w":0.9342438578605652},"size":3.2290165424346926,"orthographic":false}