{"cameraMode":{"drawMode":0,"name":"Shaded","section":"Shading Mode"},"sceneLighting":false,"audioPlay":false,"sceneViewState":{"showFog":true,"showMaterialUpdate":true,"showSkybox":false,"showFlares":true,"showImageEffects":true,"showParticleSystems":true},"in2DMode":false,"pivot":{"x":12.00522518157959,"y":2.6825716495513918,"z":-27.760696411132814},"rotation":{"x":-0.08695192635059357,"y":0.7326931357383728,"z":-0.09523554146289826,"w":-0.6683561205863953},"size":6.7704668045043949,"orthographic":false}