{"cameraMode":{"drawMode":0,"name":"Shaded","section":"Shading Mode"},"sceneLighting":false,"audioPlay":false,"sceneViewState":{"showFog":true,"showMaterialUpdate":true,"showSkybox":false,"showFlares":true,"showImageEffects":true,"showParticleSystems":true},"in2DMode":false,"pivot":{"x":-0.32631608843803408,"y":0.7282266616821289,"z":-0.31206557154655459},"rotation":{"x":-0.14233696460723878,"y":0.7974185347557068,"z":-0.20685432851314546,"w":-0.548708975315094},"size":2.857883930206299,"orthographic":false}