{"cameraMode":{"drawMode":0,"name":"Shaded","section":"Shading Mode"},"sceneLighting":true,"audioPlay":false,"sceneViewState":{"showFog":true,"showMaterialUpdate":true,"showSkybox":false,"showFlares":true,"showImageEffects":true,"showParticleSystems":true},"in2DMode":false,"pivot":{"x":0.094757080078125,"y":1.1901049613952637,"z":-0.014770269393920899},"rotation":{"x":-0.06841187924146652,"y":-0.9153914451599121,"z":0.18011413514614106,"w":-0.3544366955757141},"size":5.540058135986328,"orthographic":false}