{"cameraMode":{"drawMode":0,"name":"Shaded","section":"Shading Mode"},"sceneLighting":false,"audioPlay":false,"sceneViewState":{"showFog":true,"showMaterialUpdate":true,"showSkybox":false,"showFlares":true,"showImageEffects":true,"showParticleSystems":true},"in2DMode":false,"pivot":{"x":-1.3274511098861695,"y":1.8971232175827027,"z":0.8016612529754639},"rotation":{"x":0.08098937571048737,"y":0.8316309452056885,"z":-0.12595683336257935,"w":0.5347964763641357},"size":6.513751983642578,"orthographic":false}