{"cameraMode":{"drawMode":0,"name":"Shaded","section":"Shading Mode"},"sceneLighting":false,"audioPlay":false,"sceneViewState":{"showFog":true,"showMaterialUpdate":true,"showSkybox":false,"showFlares":true,"showImageEffects":true,"showParticleSystems":true},"in2DMode":false,"pivot":{"x":-0.08231616020202637,"y":1.6972624063491822,"z":-10.866936683654786},"rotation":{"x":-0.012320181354880333,"y":-0.3564659059047699,"z":-0.004715265240520239,"w":0.9342438578605652},"size":5.029016971588135,"orthographic":false}