{"cameraMode":{"drawMode":0,"name":"Shaded","section":"Shading Mode"},"sceneLighting":true,"audioPlay":false,"sceneViewState":{"showFog":true,"showMaterialUpdate":true,"showSkybox":true,"showFlares":true,"showImageEffects":true,"showParticleSystems":true},"in2DMode":false,"pivot":{"x":18.567035675048829,"y":14.160697937011719,"z":-7.814571380615234},"rotation":{"x":-0.28236183524131777,"y":0.07249005883932114,"z":-0.019147928804159166,"w":-0.9567826390266419},"size":10.704181671142579,"orthographic":false}