{"cameraMode":{"drawMode":0,"name":"Shaded","section":"Shading Mode"},"sceneLighting":false,"audioPlay":false,"sceneViewState":{"showFog":true,"showMaterialUpdate":true,"showSkybox":false,"showFlares":true,"showImageEffects":true,"showParticleSystems":true},"in2DMode":false,"pivot":{"x":-0.05310964584350586,"y":3.084096908569336,"z":-6.035025119781494},"rotation":{"x":-0.11596657335758209,"y":-0.6199997663497925,"z":0.09481054544448853,"w":-0.7705180048942566},"size":3.3013064861297609,"orthographic":false}