{"cameraMode":{"drawMode":0,"name":"Shaded","section":"Shading Mode"},"sceneLighting":false,"audioPlay":false,"sceneViewState":{"showFog":true,"showMaterialUpdate":true,"showSkybox":false,"showFlares":true,"showImageEffects":true,"showParticleSystems":true},"in2DMode":false,"pivot":{"x":-0.6772594451904297,"y":2.9351353645324709,"z":0.3879905939102173},"rotation":{"x":0.06651585549116135,"y":0.3700615465641022,"z":0.026577267795801164,"w":-0.9262528419494629},"size":4.0578837394714359,"orthographic":false}