{"cameraMode":{"drawMode":0,"name":"Shaded","section":"Shading Mode"},"sceneLighting":false,"audioPlay":false,"sceneViewState":{"showFog":true,"showMaterialUpdate":true,"showSkybox":false,"showFlares":true,"showImageEffects":true,"showParticleSystems":true},"in2DMode":false,"pivot":{"x":0.3457562029361725,"y":3.789294481277466,"z":-6.777626991271973},"rotation":{"x":-0.16795679926872254,"y":-0.6833463907241821,"z":0.16667327284812928,"w":-0.6911259293556213},"size":2.9171037673950197,"orthographic":false}