{"cameraMode":{"drawMode":0,"name":"Shaded","section":"Shading Mode"},"sceneLighting":true,"audioPlay":false,"sceneViewState":{"showFog":true,"showMaterialUpdate":true,"showSkybox":false,"showFlares":true,"showImageEffects":true,"showParticleSystems":true},"in2DMode":false,"pivot":{"x":-2.0283150672912599,"y":1.4506933689117432,"z":-1.7862505912780762},"rotation":{"x":0.011068052612245083,"y":-0.9678125381469727,"z":0.24946172535419465,"w":0.03836790472269058},"size":8.918744087219239,"orthographic":false}