{"cameraMode":{"drawMode":0,"name":"Shaded","section":"Shading Mode"},"sceneLighting":false,"audioPlay":false,"sceneViewState":{"showFog":true,"showMaterialUpdate":true,"showSkybox":false,"showFlares":true,"showImageEffects":true,"showParticleSystems":true},"in2DMode":false,"pivot":{"x":-3.654310464859009,"y":0.45272302627563479,"z":-6.019926071166992},"rotation":{"x":0.10762407630681992,"y":-0.8278777599334717,"z":0.1685905158519745,"w":0.5246082544326782},"size":20.76958465576172,"orthographic":false}