{"cameraMode":{"drawMode":0,"name":"Shaded","section":"Shading Mode"},"sceneLighting":false,"audioPlay":false,"sceneViewState":{"showFog":true,"showMaterialUpdate":true,"showSkybox":false,"showFlares":true,"showImageEffects":true,"showParticleSystems":true},"in2DMode":false,"pivot":{"x":11.902217864990235,"y":1.9175527095794678,"z":-28.155132293701173},"rotation":{"x":-0.012284927070140839,"y":0.9873644113540649,"z":-0.12687872350215913,"w":-0.09508679062128067},"size":4.034204959869385,"orthographic":false}