{"cameraMode":{"drawMode":0,"name":"Shaded","section":"Shading Mode"},"sceneLighting":false,"audioPlay":false,"sceneViewState":{"showFog":true,"showMaterialUpdate":true,"showSkybox":false,"showFlares":true,"showImageEffects":true,"showParticleSystems":true},"in2DMode":false,"pivot":{"x":2.2799081802368166,"y":-0.32182347774505618,"z":0.1083378791809082},"rotation":{"x":0.09739015996456146,"y":0.5313379764556885,"z":-0.06504786014556885,"w":0.8394360542297363},"size":9.277024269104004,"orthographic":false}